{
    "version": 3,
    "cmakeMinimumRequired": {
        "major": 3,
        "minor": 18,
        "patch": 0
    },
    "configurePresets": [
        {
            "name": "debug",
            "binaryDir": "${sourceDir}/build/debug",
            "cacheVariables": {
                "CMAKE_BUILD_TYPE": "Debug"
            }
        },
        {
            "name": "release",
            "binaryDir": "${sourceDir}/build/release",
            "cacheVariables": {
                "CMAKE_BUILD_TYPE": "Release"
            }
        }
    ],
    "buildPresets": [
        {
            "name": "debug",
            "configurePreset": "debug"
        },
        {
            "name": "release",
            "configurePreset": "release"
        }
    ]
}
